segment,customer_count,avg_spend,total_revenue,min_spend,max_spend
low,200,76.6481,15329.62,27.93,89.77000000000001
mid,199,100.36577889447237,19972.79,89.78,110.72
high,200,130.04815,26009.63,110.73,211.55
